Library,FuncName,ExampleOutput
utilChartsTest,plotBarGroupedTest,plotBarGroupedTest.png
utilChartsTest,plotBarStackedGroupedTest,plotBarStackedGroupedTest.png
utilChartsTest,plotBarStackedTest,plotBarStackedTest.png
utilChartsTest,plotBarTest,plotBarTest.png
utilChartsTest,plotBoxTest,plotBoxTest.png
utilChartsTest,plotHistogramTest,plotHistogramTest.png
utilChartsTest,plotLineMultiTest,plotLineMultiTest.png
utilChartsTest,plotLineTest,plotLineTest.png
utilChartsTest,plotScatterMultiTest,plotScatterMultiTest.png
utilChartsTest,plotScatterTest,plotScatterTest.png
